day,daily_static_spend_aud,cumulative_static_spend_aud
0,0.0,0.0
1,0.0,0.0
2,0.0,0.0
3,0.0,0.0
4,0.0,0.0
5,0.0,0.0
6,14081.26,14081.26
7,0.0,14081.26
8,5516.89,19598.15
9,7523.69,27121.84
10,21468.67,48590.51
11,0.0,48590.51
12,0.0,48590.51
13,30764.06,79354.57
14,16347.4,95701.97
15,0.0,95701.97
16,0.0,95701.97
17,14268.37,109970.34
18,39595.38,149565.72
19,8268.25,157833.97
20,76674.23,234508.2
21,56732.12,291240.32
22,100218.85,391459.17
23,53691.46,445150.63
24,50487.54,495638.17
25,88897.91,584536.08
26,100182.12,684718.2
27,46494.72,731212.92
28,93607.85,824820.77
29,95423.88,920244.65
30,93080.59,1013325.24
31,26975.77,1040301.01
32,177805.27,1218106.28
33,141718.59,1359824.87
34,185301.98,1545126.85
35,271847.38,1816974.23
36,163316.38,1980290.61
37,303810.32,2284100.93
38,192236.33,2476337.26
39,229468.19,2705805.45
40,291736.74,2997542.19
41,264240.79,3261782.98
42,328978.29,3590761.27
43,307821.96,3898583.23
44,283114.8,4181698.03
45,238166.2,4419864.23
46,224125.16,4643989.39
47,268190.66,4912180.05
48,265207.65,5177387.7
49,157726.43,5335114.13
50,248938.64,5584052.77
51,364055.11,5948107.88
52,398099.01,6346206.89
53,526317.35,6872524.24
54,436149.68,7308673.92
55,508083.21,7816757.13
56,477969.61,8294726.74
57,383064.44,8677791.18
58,497582.62,9175373.8
59,569123.3,9744497.1
60,381920.71,10126417.81
61,426637.32,10553055.13
62,258204.25,10811259.38
63,293259.35,11104518.73
64,291520.96,11396039.69
65,539438.99,11935478.68
66,660206.7,12595685.38
67,310787.15,12906472.53
68,506385.59,13412858.12
69,477971.43,13890829.55
70,398540.01,14289369.56
71,196707.14,14486076.7
72,607945.51,15094022.21
73,426272.59,15520294.8
74,542047.06,16062341.86
75,669193.24,16731535.1
76,474210.54,17205745.64
77,619492.47,17825238.11
78,631395.05,18456633.16
79,1031230.47,19487863.63
80,625044.61,20112908.24
81,709574.91,20822483.15
82,855855.78,21678338.93
83,728083.71,22406422.64
84,780256.15,23186678.79
85,760677.15,23947355.94
86,708200.04,24655555.98
87,860393.41,25515949.39
88,754659.42,26270608.81
89,614271.71,26884880.52
90,741978.94,27626859.46
91,739423.19,28366282.65
92,708933.17,29075215.82
93,769547.75,29844763.57
94,617882.41,30462645.98
95,659261.57,31121907.55
96,847296.87,31969204.42
97,757126.96,32726331.38
98,660965.78,33387297.16
99,976548.92,34363846.08
100,774805.04,35138651.12
101,840581.05,35979232.17
102,855912.02,36835144.19
103,878819.12,37713963.31
104,893162.91,38607126.22
105,1020356.08,39627482.3
106,874700.46,40502182.76
107,433554.69,40935737.45
108,902177.48,41837914.93
109,610515.97,42448430.9
110,975631.28,43424062.18
111,765387.17,44189449.35
112,982745.5,45172194.85
113,1473832.49,46646027.34
114,989313.11,47635340.45
115,953519.8,48588860.25
116,709319.24,49298179.49
117,841837.56,50140017.05
118,800257.83,50940274.88
119,895559.75,51835834.63
120,742331.98,52578166.61
121,1153342.99,53731509.6
122,775383.33,54506892.93
123,1050716.0,55557608.93
124,792411.61,56350020.54
125,877724.94,57227745.48
126,954119.31,58181864.79
127,822916.91,59004781.7
128,853830.57,59858612.27
129,1093699.47,60952311.74
130,1097201.72,62049513.46
131,1177415.78,63226929.24
132,1024960.63,64251889.87
133,839881.09,65091770.96
134,1407135.43,66498906.39
135,871790.37,67370696.76
136,759207.14,68129903.9
137,872501.32,69002405.22
138,519757.03,69522162.25
139,818155.13,70340317.38
140,891645.94,71231963.32
141,993698.14,72225661.46
142,946290.67,73171952.13
143,1721509.01,74893461.14
144,1030619.53,75924080.67
145,835171.77,76759252.44
146,1161070.55,77920322.99
147,758056.94,78678379.93
148,1163676.11,79842056.04
149,904227.64,80746283.68
150,1117542.63,81863826.31
151,1275659.78,83139486.09
152,1185041.15,84324527.24
153,1069039.36,85393566.6
154,1113588.78,86507155.38
155,1341880.09,87849035.47
156,841103.73,88690139.2
157,709816.35,89399955.55
158,858884.25,90258839.8
159,1075125.01,91333964.81
160,849606.53,92183571.34
161,1283646.08,93467217.42
162,1303087.23,94770304.65
163,968136.1,95738440.75
164,921295.76,96659736.51
165,1277928.08,97937664.59
166,943419.0,98881083.59
167,1648814.68,100529898.27
168,1016360.82,101546259.09
169,1177201.24,102723460.33
170,1086650.97,103810111.3
171,1167804.05,104977915.35
172,1166805.98,106144721.33
173,1006648.74,107151370.07
174,1338658.95,108490029.02
175,1122790.2,109612819.22
176,1168878.71,110781697.93
177,1205459.39,111987157.32
178,1115823.76,113102981.08
179,1199264.49,114302245.57
180,851722.4,115153967.97
181,896379.3,116050347.27
182,1045419.0,117095766.27
183,992707.56,118088473.83
184,1269470.85,119357944.68
185,1230994.59,120588939.27
186,995258.22,121584197.49
187,1095844.37,122680041.86
188,729415.93,123409457.79
189,834602.88,124244060.67
190,1385645.27,125629705.94
191,782824.62,126412530.56
192,885265.24,127297795.8
193,889399.47,128187195.27
194,916610.64,129103805.91
195,1423324.59,130527130.5
196,1041594.14,131568724.64
197,1602065.91,133170790.55
198,929701.98,134100492.53
199,1131207.38,135231699.91
200,1374256.05,136605955.96
201,1049809.79,137655765.75
202,1458531.01,139114296.76
203,1136162.43,140250459.19
204,1122230.36,141372689.55
205,1223408.68,142596098.23
206,850392.99,143446491.22
207,1148742.83,144595234.05
208,1469857.4,146065091.45
209,892272.77,146957364.22
210,954242.48,147911606.7
211,1279431.23,149191037.93
212,996554.97,150187592.9
213,955537.27,151143130.17
214,1235672.79,152378802.96
215,874465.17,153253268.13
216,1561821.93,154815090.06
217,984679.24,155799769.3
218,811781.45,156611550.75
219,1247965.04,157859515.79
220,1010143.17,158869658.96
221,1175026.99,160044685.95
222,1120961.56,161165647.51
223,1355327.4,162520974.91
224,1098470.76,163619445.67
225,1121578.91,164741024.58
226,804314.34,165545338.92
227,974098.42,166519437.34
228,1138929.22,167658366.56
229,1034576.54,168692943.1
230,791633.01,169484576.11
231,859885.53,170344461.64
232,1106331.33,171450792.97
233,975904.68,172426697.65
234,925708.14,173352405.79
235,1158408.79,174510814.58
236,1132103.27,175642917.85
237,1102724.78,176745642.63
238,1195402.16,177941044.79
239,660555.12,178601599.91
240,867396.94,179468996.85
241,887583.34,180356580.19
242,1202782.94,181559363.13
243,891666.53,182451029.66
244,1337570.1,183788599.76
245,1198357.72,184986957.48
246,860662.27,185847619.75
247,900396.31,186748016.06
248,549859.6,187297875.66
249,1010709.54,188308585.2
250,1000691.36,189309276.56
251,1319888.07,190629164.63
252,903840.84,191533005.47
253,703126.94,192236132.41
254,1277025.06,193513157.47
255,863213.37,194376370.84
256,1080589.64,195456960.48
257,806203.55,196263164.03
258,963223.31,197226387.34
259,918941.82,198145329.16
260,833136.81,198978465.97
261,1102495.1,200080961.07
262,683509.38,200764470.45
263,1407230.19,202171700.64
264,848741.12,203020441.76
265,895782.33,203916224.09
266,871899.51,204788123.6
267,671817.59,205459941.19
268,653326.88,206113268.07
269,846179.41,206959447.48
270,1135308.69,208094756.17
271,982251.11,209077007.28
272,985851.2,210062858.48
273,933099.68,210995958.16
274,621361.47,211617319.63
275,1007407.58,212624727.21
276,820725.32,213445452.53
277,636930.43,214082382.96
278,808922.41,214891305.37
279,1046280.7,215937586.07
280,948933.3,216886519.37
281,628231.72,217514751.09
282,617000.1,218131751.19
283,700812.99,218832564.18
284,791131.52,219623695.7
285,721878.76,220345574.46
286,1182172.04,221527746.5
287,953611.77,222481358.27
288,505907.37,222987265.64
289,708725.36,223695991.0
290,906917.77,224602908.77
291,657844.31,225260753.08
292,751777.37,226012530.45
293,787036.56,226799567.01
294,661062.31,227460629.32
295,457297.81,227917927.13
296,952208.27,228870135.4
297,780463.4,229650598.8
298,742673.46,230393272.26
299,854899.7,231248171.96
300,655974.11,231904146.07
301,1201310.01,233105456.08
302,535830.03,233641286.11
303,841991.2,234483277.31
304,1044008.64,235527285.95
305,693090.14,236220376.09
306,530695.74,236751071.83
307,659159.73,237410231.56
308,651181.97,238061413.53
309,491363.53,238552777.06
310,853448.1,239406225.16
311,377188.18,239783413.34
312,453244.4,240236657.74
313,591528.69,240828186.43
314,482922.59,241311109.02
315,702592.74,242013701.76
316,676190.69,242689892.45
317,593107.79,243283000.24
318,635229.08,243918229.32
319,613468.85,244531698.17
320,761651.21,245293349.38
321,519908.0,245813257.38
322,306708.68,246119966.06
323,430238.92,246550204.98
324,721014.36,247271219.34
325,553345.12,247824564.46
326,893047.16,248717611.62
327,450666.93,249168278.55
328,772800.88,249941079.43
329,558443.54,250499522.97
330,821290.58,251320813.55
331,404675.65,251725489.2
332,1493701.53,253219190.73
333,260380.6,253479571.33
334,617514.21,254097085.54
335,597911.45,254694996.99
336,448053.85,255143050.84
337,450766.0,255593816.84
338,2570474.72,258164291.56
339,554192.34,258718483.9
340,297659.86,259016143.76
341,1279510.79,260295654.55
342,489786.53,260785441.08
343,405391.39,261190832.47
344,852582.45,262043414.92
345,269285.48,262312700.4
346,1427234.71,263739935.11
347,297219.81,264037154.92
348,416061.43,264453216.35
349,395590.67,264848807.02
350,782602.58,265631409.6
351,612864.09,266244273.69
352,827369.4,267071643.09
353,448436.24,267520079.33
354,678546.3,268198625.63
355,423677.93,268622303.56
356,315747.49,268938051.05
357,413996.99,269352048.04
358,411376.53,269763424.57
359,364624.34,270128048.91
360,358176.41,270486225.32
361,414291.69,270900517.01
362,269286.36,271169803.37
363,278228.87,271448032.24
364,377653.85,271825686.09
365,380163.05,272205849.14
366,312594.9,272518444.04
367,223975.37,272742419.41
368,453859.39,273196278.8
369,317884.88,273514163.68
370,367338.23,273881501.91
371,1747686.8,275629188.71
372,475668.45,276104857.16
373,653636.28,276758493.44
374,154403.47,276912896.91
375,188539.76,277101436.67
376,262095.11,277363531.78
377,337718.3,277701250.08
378,259027.07,277960277.15
379,271961.81,278232238.96
380,239904.84,278472143.8
381,336211.93,278808355.73
382,303602.24,279111957.97
383,402027.61,279513985.58
384,457564.8,279971550.38
385,154718.84,280126269.22
386,347602.96,280473872.18
387,189238.16,280663110.34
388,209704.51,280872814.85
389,222068.45,281094883.3
390,292425.89,281387309.19
391,431064.38,281818373.57
392,213547.12,282031920.69
393,348656.71,282380577.4
394,1668742.12,284049319.52
395,214287.2,284263606.72
396,352849.95,284616456.67
397,380914.77,284997371.44
398,90358.38,285087729.82
399,302776.42,285390506.24
400,249306.49,285639812.73
401,903718.11,286543530.84
402,250448.09,286793978.93
403,314223.26,287108202.19
404,332022.91,287440225.1
405,384449.82,287824674.92
406,186622.73,288011297.65
407,201852.73,288213150.38
408,144715.86,288357866.24
409,303838.59,288661704.83
410,194176.2,288855881.03
411,103131.5,288959012.53
412,202860.65,289161873.18
413,238516.68,289400389.86
414,151238.47,289551628.33
415,153511.11,289705139.44
416,65755.18,289770894.62
417,50425.64,289821320.26
418,192404.63,290013724.89
419,240932.49,290254657.38
420,211145.13,290465802.51
421,232859.44,290698661.95
422,277272.32,290975934.27
423,213590.66,291189524.93
424,512490.58,291702015.51
425,235476.29,291937491.8
426,1549001.48,293486493.28
427,237033.5,293723526.78
428,259382.15,293982908.93
429,115628.71,294098537.64
430,295228.34,294393765.98
431,60832.6,294454598.58
432,127976.94,294582575.52
433,209246.9,294791822.42
434,88135.45,294879957.87
435,104899.79,294984857.66
436,188471.34,295173329.0
437,273003.65,295446332.65
438,760977.51,296207310.16
439,664947.97,296872258.13
440,120628.15,296992886.28
441,214191.48,297207077.76
442,108103.55,297315181.31
443,43347.12,297358528.43
444,204635.67,297563164.1
445,185064.78,297748228.88
446,76732.07,297824960.95
447,121771.92,297946732.87
448,12083.45,297958816.32
449,43258.7,298002075.02
450,117538.49,298119613.51
451,105810.25,298225423.76
452,99926.97,298325350.73
453,348605.61,298673956.34
454,48830.36,298722786.7
455,271786.02,298994572.72
456,153183.91,299147756.63
457,190607.0,299338363.63
458,97086.51,299435450.14
459,108778.82,299544228.96
460,213618.22,299757847.18
461,8804.03,299766651.21
462,32110.56,299798761.77
463,104789.4,299903551.17
464,239776.49,300143327.66
465,30739.24,300174066.9
466,48662.9,300222729.8
467,6321.57,300229051.37
468,155256.47,300384307.84
469,102136.48,300486444.32
470,82573.24,300569017.56
471,61525.12,300630542.68
472,116161.98,300746704.66
473,109089.17,300855793.83
474,94359.25,300950153.08
475,62813.51,301012966.59
476,115833.92,301128800.51
477,73524.19,301202324.7
478,71872.89,301274197.59
479,33013.52,301307211.11
480,99430.07,301406641.18
481,3739.77,301410380.95
482,107374.87,301517755.82
483,146737.37,301664493.19
484,101378.83,301765872.02
485,171774.98,301937647.0
486,0.0,301937647.0
487,84284.08,302021931.08
488,103462.04,302125393.12
489,131146.83,302256539.95
490,145359.92,302401899.87
491,27497.71,302429397.58
492,68225.17,302497622.75
493,29468.43,302527091.18
494,117926.57,302645017.75
495,29105.34,302674123.09
496,117755.68,302791878.77
497,19122.42,302811001.19
498,98734.54,302909735.73
499,93886.88,303003622.61
500,106692.13,303110314.74
501,69064.24,303179378.98
502,34921.38,303214300.36
503,29058.08,303243358.44
504,47687.06,303291045.5
505,140451.23,303431496.73
506,94131.07,303525627.8
507,105531.83,303631159.63
508,8488.26,303639647.89
509,0.0,303639647.89
510,0.0,303639647.89
511,51449.8,303691097.69
512,0.0,303691097.69
513,43757.66,303734855.35
514,99739.21,303834594.56
515,11368.81,303845963.37
516,90019.11,303935982.48
517,34587.38,303970569.86
518,21340.75,303991910.61
519,86618.3,304078528.91
520,44180.02,304122708.93
521,0.0,304122708.93
522,25956.5,304148665.43
523,87659.12,304236324.55
524,26585.61,304262910.16
525,8272.4,304271182.56
526,133722.31,304404904.87
527,30588.91,304435493.78
528,0.0,304435493.78
529,36490.85,304471984.63
530,10879.45,304482864.08
531,41847.88,304524711.96
532,124732.8,304649444.76
533,31381.09,304680825.85
534,45475.24,304726301.09
535,55424.63,304781725.72
536,109627.15,304891352.87
537,27306.12,304918658.99
538,25399.4,304944058.39
539,0.0,304944058.39
540,75436.91,305019495.3
541,77087.98,305096583.28
542,0.0,305096583.28
543,0.0,305096583.28
544,6655.34,305103238.62
545,5104.45,305108343.07
546,0.0,305108343.07
547,46031.23,305154374.3
548,45535.21,305199909.51
549,0.0,305199909.51
550,37367.2,305237276.71
551,38139.5,305275416.21
552,43517.8,305318934.01
553,10961.19,305329895.2
554,0.0,305329895.2
555,88933.54,305418828.74
556,20417.82,305439246.56
557,5186.46,305444433.02
558,0.0,305444433.02
559,0.0,305444433.02
560,8862.91,305453295.93
561,115401.84,305568697.77
562,0.0,305568697.77
563,0.0,305568697.77
564,105010.19,305673707.96
565,55182.61,305728890.57
566,0.0,305728890.57
567,0.0,305728890.57
568,0.0,305728890.57
569,9849.22,305738739.79
570,48354.07,305787093.86
571,43844.77,305830938.63
572,0.0,305830938.63
573,0.0,305830938.63
574,9654.24,305840592.87
575,0.0,305840592.87
576,25602.42,305866195.29
577,7726.66,305873921.95
578,0.0,305873921.95
579,31887.3,305905809.25
580,0.0,305905809.25
581,0.0,305905809.25
582,0.0,305905809.25
583,0.0,305905809.25
584,0.0,305905809.25
585,0.0,305905809.25
586,932649.05,306838458.3
587,0.0,306838458.3
588,0.0,306838458.3
589,30906.66,306869364.96
590,39906.14,306909271.1
591,38616.97,306947888.07
592,0.0,306947888.07
593,16028.2,306963916.27
594,0.0,306963916.27
595,0.0,306963916.27
596,32299.62,306996215.89
597,0.0,306996215.89
598,0.0,306996215.89
599,0.0,306996215.89
600,0.0,306996215.89
601,0.0,306996215.89
602,0.0,306996215.89
603,0.0,306996215.89
604,5697.31,307001913.2
605,0.0,307001913.2
606,0.0,307001913.2
607,0.0,307001913.2
608,52681.63,307054594.83
609,64112.79,307118707.62
610,6517.21,307125224.83
611,0.0,307125224.83
612,0.0,307125224.83
613,0.0,307125224.83
614,0.0,307125224.83
615,0.0,307125224.83
616,0.0,307125224.83
617,0.0,307125224.83
618,9551.8,307134776.63
619,22789.22,307157565.85
620,17474.3,307175040.15
621,0.0,307175040.15
622,26068.82,307201108.97
623,0.0,307201108.97
624,0.0,307201108.97
625,5447.34,307206556.31
626,0.0,307206556.31
627,0.0,307206556.31
628,0.0,307206556.31
629,0.0,307206556.31
630,0.0,307206556.31
631,0.0,307206556.31
632,0.0,307206556.31
633,0.0,307206556.31
634,0.0,307206556.31
635,0.0,307206556.31
636,0.0,307206556.31
637,6109.85,307212666.16
638,38207.18,307250873.34
639,21789.36,307272662.7
640,0.0,307272662.7
641,0.0,307272662.7
642,0.0,307272662.7
643,0.0,307272662.7
644,0.0,307272662.7
645,0.0,307272662.7
646,0.0,307272662.7
647,0.0,307272662.7
648,24439.38,307297102.08
649,0.0,307297102.08
650,0.0,307297102.08
651,16693.2,307313795.28
652,0.0,307313795.28
653,0.0,307313795.28
654,0.0,307313795.28
655,0.0,307313795.28
656,0.0,307313795.28
657,0.0,307313795.28
658,0.0,307313795.28
659,0.0,307313795.28
660,0.0,307313795.28
661,0.0,307313795.28
662,0.0,307313795.28
663,0.0,307313795.28
664,0.0,307313795.28
665,0.0,307313795.28
666,0.0,307313795.28
667,0.0,307313795.28
668,0.0,307313795.28
669,0.0,307313795.28
670,0.0,307313795.28
671,15872.68,307329667.96
672,0.0,307329667.96
673,66772.81,307396440.77
674,0.0,307396440.77
675,0.0,307396440.77
676,0.0,307396440.77
677,0.0,307396440.77
678,0.0,307396440.77
679,0.0,307396440.77
680,0.0,307396440.77
681,0.0,307396440.77
682,0.0,307396440.77
683,0.0,307396440.77
684,0.0,307396440.77
685,0.0,307396440.77
686,0.0,307396440.77
687,0.0,307396440.77
688,0.0,307396440.77
689,0.0,307396440.77
690,0.0,307396440.77
691,0.0,307396440.77
692,0.0,307396440.77
693,0.0,307396440.77
694,63490.72,307459931.49
695,0.0,307459931.49
696,0.0,307459931.49
697,0.0,307459931.49
698,0.0,307459931.49
699,0.0,307459931.49
700,0.0,307459931.49
701,0.0,307459931.49
702,0.0,307459931.49
703,0.0,307459931.49
704,0.0,307459931.49
705,0.0,307459931.49
706,0.0,307459931.49
707,0.0,307459931.49
708,0.0,307459931.49
709,0.0,307459931.49
710,0.0,307459931.49
711,0.0,307459931.49
712,0.0,307459931.49
713,0.0,307459931.49
714,0.0,307459931.49
715,6334.95,307466266.44
716,1763659.48,309229925.92
717,0.0,309229925.92
718,0.0,309229925.92
719,0.0,309229925.92
720,0.0,309229925.92
721,0.0,309229925.92
722,0.0,309229925.92
723,0.0,309229925.92
724,0.0,309229925.92
725,0.0,309229925.92
726,0.0,309229925.92
727,25339.79,309255265.71
